index,condition,cell_type
AAACATACCCGTAA-1-stimulated,stimulated,CD4T
AAACATACGAGGTG-1-stimulated,stimulated,CD4T
AAACATACGTCGTA-1-stimulated,stimulated,CD4T
AAACATTGACTTTC-1-stimulated,stimulated,CD4T
AAACATTGTGCTAG-1-stimulated,stimulated,CD4T
AAACATTGTGTGGT-1-stimulated,stimulated,CD4T
AAACCGTGCTGGAT-1-stimulated,stimulated,CD4T
AAACGCTGAGCACT-1-stimulated,stimulated,CD4T
AAACGCTGGCCCTT-1-stimulated,stimulated,CD4T
AAACTTGAAGAATG-1-stimulated,stimulated,CD4T
AAACTTGATCTCAT-1-stimulated,stimulated,CD4T
AAAGAGACGCAGAG-1-stimulated,stimulated,CD4T
AAAGATCTCCACAA-1-stimulated,stimulated,CD4T
AAAGATCTTGCGTA-1-stimulated,stimulated,CD4T
AAAGCCTGTTCTAC-1-stimulated,stimulated,CD4T
AAAGGCCTACCATG-1-stimulated,stimulated,CD4T
AAAGGCCTGTCTTT-1-stimulated,stimulated,CD4T
AAAGGCCTTCCCAC-1-stimulated,stimulated,CD4T
AAAGTTTGCTTTAC-1-stimulated,stimulated,CD4T
AAAGTTTGTTATCC-1-stimulated,stimulated,CD4T
AAATACTGCCTACC-1-stimulated,stimulated,CD4T
AAATCATGCTCATT-1-stimulated,stimulated,CD4T
AAATCATGGGACTT-1-stimulated,stimulated,CD4T
AAATCATGTTGAGC-1-stimulated,stimulated,CD4T
AAATCCCTAGACTC-1-stimulated,stimulated,CD4T
AAATCCCTAGGTCT-1-stimulated,stimulated,CD4T
AAATGGGAAACGTC-1-stimulated,stimulated,CD4T
AAATGGGACGTTAG-1-stimulated,stimulated,CD4T
AAATGTTGACCGAT-1-stimulated,stimulated,CD4T
AAATGTTGCCTTCG-1-stimulated,stimulated,CD4T
AAATGTTGCTACTT-1-stimulated,stimulated,CD4T
AAATGTTGTAAGGA-1-stimulated,stimulated,CD4T
AAATTCGAATACCG-1-stimulated,stimulated,CD4T
AAATTCGACTCTAT-1-stimulated,stimulated,CD4T
AAATTCGACTGTCC-1-stimulated,stimulated,CD4T
AAATTCGATCTCGC-1-stimulated,stimulated,CD4T
AAATTCGATGTGCA-1-stimulated,stimulated,CD4T
AACAAACTATACCG-1-stimulated,stimulated,CD4T
AACAAACTCAGGAG-1-stimulated,stimulated,CD4T
AACAAACTCAGTCA-1-stimulated,stimulated,CD4T
AACAAACTGCGTAT-1-stimulated,stimulated,CD4T
AACAATACCGTTAG-1-stimulated,stimulated,CD4T
AACAATACCTGAAC-1-stimulated,stimulated,CD4T
AACAATACGCAGAG-1-stimulated,stimulated,CD4T
AACACGTGTGCTTT-1-stimulated,stimulated,CD4T
AACACTCTTAAGGA-1-stimulated,stimulated,CD4T
AACAGAGAACGGAG-1-stimulated,stimulated,CD4T
AACAGAGAAGTTCG-1-stimulated,stimulated,CD4T
AACAGAGATCTGGA-1-stimulated,stimulated,CD4T
AACATATGAGTACC-1-stimulated,stimulated,CD4T
AACATATGCTGTTT-1-stimulated,stimulated,CD4T
AACATATGGCAAGG-1-stimulated,stimulated,CD4T
AACATTGAAGAACA-1-stimulated,stimulated,CD4T
AACATTGAAGTTCG-1-stimulated,stimulated,CD4T
AACCACGAAAGTGA-1-stimulated,stimulated,CD4T
AACCACGAAGGTTC-1-stimulated,stimulated,CD4T
AACCACGAGGTGTT-1-stimulated,stimulated,CD4T
AACCACGATCTTAC-1-stimulated,stimulated,CD4T
AACCAGTGGGAACG-1-stimulated,stimulated,CD4T
AACCCAGAACCCAA-1-stimulated,stimulated,CD4T
AACCCAGATTGCTT-1-stimulated,stimulated,CD4T
AACCGATGCTGAAC-1-stimulated,stimulated,CD4T
AACCGATGGCGGAA-1-stimulated,stimulated,CD4T
AACCGCCTAATCGC-1-stimulated,stimulated,CD4T
AACCGCCTATCGAC-1-stimulated,stimulated,CD4T
AACCGCCTCACTCC-1-stimulated,stimulated,CD4T
AACCGCCTCCCACT-1-stimulated,stimulated,CD4T
AACCGCCTTAACCG-1-stimulated,stimulated,CD4T
AACCTACTAGTGTC-1-stimulated,stimulated,CD4T
AACCTACTCCCGTT-1-stimulated,stimulated,CD4T
AACCTACTCTCGAA-1-stimulated,stimulated,CD4T
AACCTTACGAGGGT-1-stimulated,stimulated,CD4T
AACCTTACGTACCA-1-stimulated,stimulated,CD4T
AACCTTTGAAACGA-1-stimulated,stimulated,CD4T
AACCTTTGAGTAGA-1-stimulated,stimulated,CD4T
AACGCAACGTTACG-1-stimulated,stimulated,CD4T
AACGCATGTAGACC-1-stimulated,stimulated,CD4T
AACGCCCTACGTAC-1-stimulated,stimulated,CD4T
AACGCCCTCCTCGT-1-stimulated,stimulated,CD4T
AACGCCCTGTAAAG-1-stimulated,stimulated,CD4T
AACGGTACCGTGAT-1-stimulated,stimulated,CD4T
AACGGTACGCTATG-1-stimulated,stimulated,CD4T
AACGGTACGTATGC-1-stimulated,stimulated,CD4T
AACGGTACGTTACG-1-stimulated,stimulated,CD4T
AACGGTACTCGATG-1-stimulated,stimulated,CD4T
AACGGTTGGTATGC-1-stimulated,stimulated,CD4T
AACGTCGACCTGAA-1-stimulated,stimulated,CD4T
AACGTGTGAAGGGC-1-stimulated,stimulated,CD4T
AACGTTCTCCTATT-1-stimulated,stimulated,CD4T
AACGTTCTGTTGGT-1-stimulated,stimulated,CD4T
AACGTTCTTACTTC-1-stimulated,stimulated,CD4T
AACGTTCTTCGCTC-1-stimulated,stimulated,CD4T
AACTACCTAAACAG-1-stimulated,stimulated,CD4T
AACTACCTCAATCG-1-stimulated,stimulated,CD4T
AACTCACTGAGGGT-1-stimulated,stimulated,CD4T
AACTCACTTATCGG-1-stimulated,stimulated,CD4T
AACTCGGAGTTCAG-1-stimulated,stimulated,CD4T
AACTCTTGGGCATT-1-stimulated,stimulated,CD4T
AACTGTCTTGGTAC-1-stimulated,stimulated,CD4T
AACTTGCTCCCACT-1-stimulated,stimulated,CD4T
AAGAACGACTTGTT-1-stimulated,stimulated,CD4T
AAGAAGACTCTACT-1-stimulated,stimulated,CD4T
AAGAAGACTCTTCA-1-stimulated,stimulated,CD4T
AAGAAGACTGTAGC-1-stimulated,stimulated,CD4T
AAGAATCTGAGCAG-1-stimulated,stimulated,CD4T
AAGAATCTGTGCAT-1-stimulated,stimulated,CD4T
AAGACAGACGTACA-1-stimulated,stimulated,CD4T
AAGACAGATTCGGA-1-stimulated,stimulated,CD4T
AAGAGATGGGATCT-1-stimulated,stimulated,CD4T
AAGATGGAAAAGCA-1-stimulated,stimulated,CD4T
AAGATGGAAGACTC-1-stimulated,stimulated,CD4T
AAGATTACGCCAAT-1-stimulated,stimulated,CD4T
AAGATTACGCTATG-1-stimulated,stimulated,CD4T
AAGCCAACCCGCTT-1-stimulated,stimulated,CD4T
AAGCCAACGTGTCA-1-stimulated,stimulated,CD4T
AAGCCATGGTCACA-1-stimulated,stimulated,CD4T
AAGCCATGTCGTTT-1-stimulated,stimulated,CD4T
AAGCCATGTTCGCC-1-stimulated,stimulated,CD4T
AAGCCTGAAACGTC-1-stimulated,stimulated,CD4T
AAGCGACTCCACAA-1-stimulated,stimulated,CD4T
AAGCGACTCCGCTT-1-stimulated,stimulated,CD4T
AAGCGACTGCAGTT-1-stimulated,stimulated,CD4T
AAGCGTACTCTGGA-1-stimulated,stimulated,CD4T
AAGCGTACTGTCAG-1-stimulated,stimulated,CD4T
AAGGCTACATCAGC-1-stimulated,stimulated,CD4T
AAGGCTACGAAAGT-1-stimulated,stimulated,CD4T
AAGGCTTGCCCAAA-1-stimulated,stimulated,CD4T
AAGGCTTGGAGAGC-1-stimulated,stimulated,CD4T
AAGGCTTGGCGTAT-1-stimulated,stimulated,CD4T
AAGGCTTGGCTCCT-1-stimulated,stimulated,CD4T
AAGGTCACCAAGCT-1-stimulated,stimulated,CD4T
AAGGTCACCTTGTT-1-stimulated,stimulated,CD4T
AAGGTCACGTCGAT-1-stimulated,stimulated,CD4T
AAGGTCACTACTGG-1-stimulated,stimulated,CD4T
AAGGTGCTAATCGC-1-stimulated,stimulated,CD4T
AAGGTGCTTGGATC-1-stimulated,stimulated,CD4T
AAGGTGCTTTCACT-1-stimulated,stimulated,CD4T
AAGTAACTCTCTCG-1-stimulated,stimulated,CD4T
AAGTAACTGCCTTC-1-stimulated,stimulated,CD4T
AAGTAACTTACGAC-1-stimulated,stimulated,CD4T
AAGTAGGACTAGCA-1-stimulated,stimulated,CD4T
AAGTAGGATTGAGC-1-stimulated,stimulated,CD4T
AAGTCCGAAATGCC-1-stimulated,stimulated,CD4T
AAGTCCGAGTTCAG-1-stimulated,stimulated,CD4T
AAGTCTCTCGAACT-1-stimulated,stimulated,CD4T
AAGTGCACAACGAA-1-stimulated,stimulated,CD4T
AAGTGCACAACGTC-1-stimulated,stimulated,CD4T
AAGTGCACAAGCAA-1-stimulated,stimulated,CD4T
AAGTGCACACGTTG-1-stimulated,stimulated,CD4T
AAGTGCACGTTAGC-1-stimulated,stimulated,CD4T
AAGTGGCTGACGAG-1-stimulated,stimulated,CD4T
AAGTTATGTACGCA-1-stimulated,stimulated,CD4T
AAGTTATGTTCACT-1-stimulated,stimulated,CD4T
AAGTTCCTAAACAG-1-stimulated,stimulated,CD4T
AAGTTCCTGACGAG-1-stimulated,stimulated,CD4T
AAGTTCCTGGTGGA-1-stimulated,stimulated,CD4T
AAGTTCCTGTTCGA-1-stimulated,stimulated,CD4T
AAGTTCCTTGCTCC-1-stimulated,stimulated,CD4T
AAGTTCCTTTCCCG-1-stimulated,stimulated,CD4T
AATAACACATACCG-1-stimulated,stimulated,CD4T
AATAACACTGCTGA-1-stimulated,stimulated,CD4T
AATAAGCTAGAGGC-1-stimulated,stimulated,CD4T
AATACCCTACCTCC-1-stimulated,stimulated,CD4T
AATACCCTATGCCA-1-stimulated,stimulated,CD4T
AATACTGACCAGTA-1-stimulated,stimulated,CD4T
AATACTGACTGGTA-1-stimulated,stimulated,CD4T
AATACTGAGGACTT-1-stimulated,stimulated,CD4T
AATAGGGAACTACG-1-stimulated,stimulated,CD4T
AATAGGGATCAGGT-1-stimulated,stimulated,CD4T
AATATCGAGAGGCA-1-stimulated,stimulated,CD4T
AATCAAACTGATGC-1-stimulated,stimulated,CD4T
AATCAAACTGGTCA-1-stimulated,stimulated,CD4T
AATCCGGATCGTTT-1-stimulated,stimulated,CD4T
AATCCTACACGTGT-1-stimulated,stimulated,CD4T
AATCCTACCTCCAC-1-stimulated,stimulated,CD4T
AATCCTACTCACGA-1-stimulated,stimulated,CD4T
AATCCTTGGTCGTA-1-stimulated,stimulated,CD4T
AATCCTTGTGGATC-1-stimulated,stimulated,CD4T
AATCGGTGACCCAA-1-stimulated,stimulated,CD4T
AATCTCTGAGAGGC-1-stimulated,stimulated,CD4T
AATCTCTGGCGTTA-1-stimulated,stimulated,CD4T
AATCTCTGGTCTGA-1-stimulated,stimulated,CD4T
AATGAGGAAGGTCT-1-stimulated,stimulated,CD4T
AATGAGGACTATTC-1-stimulated,stimulated,CD4T
AATGATACTTGAGC-1-stimulated,stimulated,CD4T
AATGCGTGCTGTGA-1-stimulated,stimulated,CD4T
AATGCGTGTCCAAG-1-stimulated,stimulated,CD4T
AATGCGTGTGTTCT-1-stimulated,stimulated,CD4T
AATGGAGAGCAGTT-1-stimulated,stimulated,CD4T
AATGGAGAGGCAAG-1-stimulated,stimulated,CD4T
AATGGCTGACGTAC-1-stimulated,stimulated,CD4T
AATGGCTGCTGGTA-1-stimulated,stimulated,CD4T
AATGTAACAAACAG-1-stimulated,stimulated,CD4T
AATGTAACCGTGTA-1-stimulated,stimulated,CD4T
AATGTAACCTGTTT-1-stimulated,stimulated,CD4T
AATGTCCTCCGAAT-1-stimulated,stimulated,CD4T
AATGTCCTCGAACT-1-stimulated,stimulated,CD4T
AATGTTGAAACCGT-1-stimulated,stimulated,CD4T
AATTACGAAAGAAC-1-stimulated,stimulated,CD4T
AATTACGACCTTTA-1-stimulated,stimulated,CD4T
AATTACGAGAATGA-1-stimulated,stimulated,CD4T
AATTCCTGACACAC-1-stimulated,stimulated,CD4T
AATTCCTGGTACAC-1-stimulated,stimulated,CD4T
AATTGATGGGTCTA-1-stimulated,stimulated,CD4T
AATTGTGACTTCTA-1-stimulated,stimulated,CD4T
AATTGTGATTTCGT-1-stimulated,stimulated,CD4T
ACAAAGGAGACTAC-1-stimulated,stimulated,CD4T
ACAAAGGAGTACGT-1-stimulated,stimulated,CD4T
ACAAATTGCTGAAC-1-stimulated,stimulated,CD4T
ACAAATTGTAGAAG-1-stimulated,stimulated,CD4T
ACAACCGACAAAGA-1-stimulated,stimulated,CD4T
ACAAGAGAAGAGGC-1-stimulated,stimulated,CD4T
ACAAGCACATTGGC-1-stimulated,stimulated,CD4T
ACAAGCACCGCAAT-1-stimulated,stimulated,CD4T
ACAAGCACTACGCA-1-stimulated,stimulated,CD4T
ACAATAACAGAGGC-1-stimulated,stimulated,CD4T
ACAATAACCCTGAA-1-stimulated,stimulated,CD4T
ACAATAACTCGATG-1-stimulated,stimulated,CD4T
ACAATCCTATTCGG-1-stimulated,stimulated,CD4T
ACAATCCTCCTCCA-1-stimulated,stimulated,CD4T
ACAATCCTTGGCAT-1-stimulated,stimulated,CD4T
ACAATTGAAAAGCA-1-stimulated,stimulated,CD4T
ACAATTGAAAGGCG-1-stimulated,stimulated,CD4T
ACAATTGAGAGGTG-1-stimulated,stimulated,CD4T
ACACAGACATGTGC-1-stimulated,stimulated,CD4T
ACACAGACCGTTGA-1-stimulated,stimulated,CD4T
ACACAGACTTCTAC-1-stimulated,stimulated,CD4T
ACACAGACTTGACG-1-stimulated,stimulated,CD4T
ACACCAGAGACGGA-1-stimulated,stimulated,CD4T
ACACCAGAGATGAA-1-stimulated,stimulated,CD4T
ACACCAGAGTAAAG-1-stimulated,stimulated,CD4T
ACACCAGATGACCA-1-stimulated,stimulated,CD4T
ACACCCTGGTAAAG-1-stimulated,stimulated,CD4T
ACACGAACCCTGAA-1-stimulated,stimulated,CD4T
ACACGAACGTCTAG-1-stimulated,stimulated,CD4T
ACACGATGAAAAGC-1-stimulated,stimulated,CD4T
ACACGATGACCACA-1-stimulated,stimulated,CD4T
ACACGATGGGTCAT-1-stimulated,stimulated,CD4T
ACACGATGTTCAGG-1-stimulated,stimulated,CD4T
ACAGACACACCACA-1-stimulated,stimulated,CD4T
ACAGCAACGAACTC-1-stimulated,stimulated,CD4T
ACAGCAACGAGACG-1-stimulated,stimulated,CD4T
ACAGCAACTGAGGG-1-stimulated,stimulated,CD4T
ACAGCAACTTTGGG-1-stimulated,stimulated,CD4T
ACAGGTACCGAGTT-1-stimulated,stimulated,CD4T
ACAGTGACTGCGTA-1-stimulated,stimulated,CD4T
ACAGTGACTGTCCC-1-stimulated,stimulated,CD4T
ACAGTGTGAAGTGA-1-stimulated,stimulated,CD4T
ACAGTGTGACGGGA-1-stimulated,stimulated,CD4T
ACAGTGTGGCCTTC-1-stimulated,stimulated,CD4T
ACAGTTCTCTATTC-1-stimulated,stimulated,CD4T
ACAGTTCTCTGATG-1-stimulated,stimulated,CD4T
ACAGTTCTCTTAGG-1-stimulated,stimulated,CD4T
ACATACCTAGAACA-1-stimulated,stimulated,CD4T
ACATCACTCAGTCA-1-stimulated,stimulated,CD4T
ACATCACTGGAGGT-1-stimulated,stimulated,CD4T
ACATCACTGGTGGA-1-stimulated,stimulated,CD4T
ACATCACTTTCCAT-1-stimulated,stimulated,CD4T
ACATGGTGACGCAT-1-stimulated,stimulated,CD4T
ACATGGTGCGTTAG-1-stimulated,stimulated,CD4T
ACATGGTGCTCCCA-1-stimulated,stimulated,CD4T
ACATGGTGTAAAGG-1-stimulated,stimulated,CD4T
ACATGGTGTGCGTA-1-stimulated,stimulated,CD4T
ACATTCTGAAAAGC-1-stimulated,stimulated,CD4T
ACATTCTGCCCTAC-1-stimulated,stimulated,CD4T
ACATTCTGCTACTT-1-stimulated,stimulated,CD4T
ACATTCTGGTAGCT-1-stimulated,stimulated,CD4T
ACCACCTGTCTATC-1-stimulated,stimulated,CD4T
ACCACGCTTGGATC-1-stimulated,stimulated,CD4T
ACCAGCCTGGCAAG-1-stimulated,stimulated,CD4T
ACCAGCCTTTATCC-1-stimulated,stimulated,CD4T
ACCATTACGCGAAG-1-stimulated,stimulated,CD4T
ACCATTACGCGGAA-1-stimulated,stimulated,CD4T
ACCATTTGCTCCCA-1-stimulated,stimulated,CD4T
ACCCAAGAGCTAAC-1-stimulated,stimulated,CD4T
ACCCACTGACAGTC-1-stimulated,stimulated,CD4T
ACCCACTGACGTTG-1-stimulated,stimulated,CD4T
ACCCACTGGGAAAT-1-stimulated,stimulated,CD4T
ACCCACTGGGTTAC-1-stimulated,stimulated,CD4T
ACCCACTGTGGAGG-1-stimulated,stimulated,CD4T
ACCCAGCTAGTCAC-1-stimulated,stimulated,CD4T
ACCCGTACAAAGTG-1-stimulated,stimulated,CD4T
ACCCGTACAGCGGA-1-stimulated,stimulated,CD4T
ACCCGTACAGCGTT-1-stimulated,stimulated,CD4T
ACCCGTACCCTGAA-1-stimulated,stimulated,CD4T
ACCCGTACTAAAGG-1-stimulated,stimulated,CD4T
ACCCGTTGCATTTC-1-stimulated,stimulated,CD4T
ACCCGTTGGAGAGC-1-stimulated,stimulated,CD4T
ACCCGTTGGCGTAT-1-stimulated,stimulated,CD4T
ACCCGTTGTGACAC-1-stimulated,stimulated,CD4T
ACCCTCGACGAGAG-1-stimulated,stimulated,CD4T
ACCCTCGACGATAC-1-stimulated,stimulated,CD4T
ACCCTCGAGGCAAG-1-stimulated,stimulated,CD4T
ACCCTCGAGTATGC-1-stimulated,stimulated,CD4T
ACCCTCGATTCGCC-1-stimulated,stimulated,CD4T
ACCGTGCTTTGCTT-1-stimulated,stimulated,CD4T
ACCTATTGAATGCC-1-stimulated,stimulated,CD4T
ACCTATTGACCGAT-1-stimulated,stimulated,CD4T
ACCTATTGGCGAGA-1-stimulated,stimulated,CD4T
ACCTATTGTTCCGC-1-stimulated,stimulated,CD4T
ACCTCCGAACTGTG-1-stimulated,stimulated,CD4T
ACCTCCGAATTGGC-1-stimulated,stimulated,CD4T
ACCTCGTGTATCTC-1-stimulated,stimulated,CD4T
ACCTGAGAAAAGTG-1-stimulated,stimulated,CD4T
ACCTGAGAACACGT-1-stimulated,stimulated,CD4T
ACCTGAGAGTCGAT-1-stimulated,stimulated,CD4T
ACCTGAGATCCTTA-1-stimulated,stimulated,CD4T
ACCTGGCTACTACG-1-stimulated,stimulated,CD4T
ACCTGGCTGACGTT-1-stimulated,stimulated,CD4T
ACCTTTGAAAGCCT-1-stimulated,stimulated,CD4T
ACCTTTGATGCATG-1-stimulated,stimulated,CD4T
ACGAACTGGCTAAC-1-stimulated,stimulated,CD4T
ACGAACTGGTATGC-1-stimulated,stimulated,CD4T
ACGAAGCTTCTACT-1-stimulated,stimulated,CD4T
ACGACAACTAAGGA-1-stimulated,stimulated,CD4T
ACGACAACTGGTCA-1-stimulated,stimulated,CD4T
ACGACCCTAGATCC-1-stimulated,stimulated,CD4T
ACGACCCTCTCTCG-1-stimulated,stimulated,CD4T
ACGACCCTCTGTCC-1-stimulated,stimulated,CD4T
ACGACCCTGGTAGG-1-stimulated,stimulated,CD4T
ACGAGGGAGGGAGT-1-stimulated,stimulated,CD4T
ACGAGTACCAGCTA-1-stimulated,stimulated,CD4T
ACGAGTACCTCGAA-1-stimulated,stimulated,CD4T
ACGAGTACTGAGGG-1-stimulated,stimulated,CD4T
ACGATCGACTTGCC-1-stimulated,stimulated,CD4T
ACGATCGAGGAACG-1-stimulated,stimulated,CD4T
ACGATGACATCTCT-1-stimulated,stimulated,CD4T
ACGATGACGAAACA-1-stimulated,stimulated,CD4T
ACGCAATGGCGTAT-1-stimulated,stimulated,CD4T
ACGCACCTGAACTC-1-stimulated,stimulated,CD4T
ACGCACCTGACGTT-1-stimulated,stimulated,CD4T
ACGCACCTGGATTC-1-stimulated,stimulated,CD4T
ACGCACCTTCTGGA-1-stimulated,stimulated,CD4T
ACGCCACTACTAGC-1-stimulated,stimulated,CD4T
ACGCCACTCAATCG-1-stimulated,stimulated,CD4T
ACGCCACTCCGAAT-1-stimulated,stimulated,CD4T
ACGCCACTCTTCTA-1-stimulated,stimulated,CD4T
ACGCCACTGGGCAA-1-stimulated,stimulated,CD4T
ACGCCACTTGGATC-1-stimulated,stimulated,CD4T
ACGCCACTTTTCAC-1-stimulated,stimulated,CD4T
ACGCCGGAAACGGG-1-stimulated,stimulated,CD4T
ACGCCGGACCTTTA-1-stimulated,stimulated,CD4T
ACGCCTTGCCGTTC-1-stimulated,stimulated,CD4T
ACGCCTTGTACTTC-1-stimulated,stimulated,CD4T
ACGCCTTGTCTTTG-1-stimulated,stimulated,CD4T
ACGCGGTGAGCACT-1-stimulated,stimulated,CD4T
ACGCGGTGGTCGAT-1-stimulated,stimulated,CD4T
ACGCGGTGTTCAGG-1-stimulated,stimulated,CD4T
ACGCTCACAGTCTG-1-stimulated,stimulated,CD4T
ACGCTCACCTTCTA-1-stimulated,stimulated,CD4T
ACGCTCACTTGGCA-1-stimulated,stimulated,CD4T
ACGCTGCTAAGCAA-1-stimulated,stimulated,CD4T
ACGCTGCTACTTTC-1-stimulated,stimulated,CD4T
ACGGAACTAGACTC-1-stimulated,stimulated,CD4T
ACGGAACTATACCG-1-stimulated,stimulated,CD4T
ACGGAACTCATACG-1-stimulated,stimulated,CD4T
ACGGAACTGAGGGT-1-stimulated,stimulated,CD4T
ACGGAACTTCCCGT-1-stimulated,stimulated,CD4T
ACGGATTGCTGATG-1-stimulated,stimulated,CD4T
ACGGCGTGCACACA-1-stimulated,stimulated,CD4T
ACGGCGTGCTGAAC-1-stimulated,stimulated,CD4T
ACGGCTCTGAGGGT-1-stimulated,stimulated,CD4T
ACGGCTCTTCTGGA-1-stimulated,stimulated,CD4T
ACGGCTCTTGTCTT-1-stimulated,stimulated,CD4T
ACGGGAGAAGCAAA-1-stimulated,stimulated,CD4T
ACGGGAGAGCAAGG-1-stimulated,stimulated,CD4T
ACGGGAGAGGTCAT-1-stimulated,stimulated,CD4T
ACGGGAGATAAGGA-1-stimulated,stimulated,CD4T
ACGGGAGATGAACC-1-stimulated,stimulated,CD4T
ACGGTAACCGTGAT-1-stimulated,stimulated,CD4T
ACGGTAACCTCGCT-1-stimulated,stimulated,CD4T
ACGGTATGTTCACT-1-stimulated,stimulated,CD4T
ACGGTCCTCAGATC-1-stimulated,stimulated,CD4T
ACGGTCCTGCATAC-1-stimulated,stimulated,CD4T
ACGGTCCTGTCTAG-1-stimulated,stimulated,CD4T
ACGGTCCTTTGGTG-1-stimulated,stimulated,CD4T
ACGTAGACCAGTCA-1-stimulated,stimulated,CD4T
ACGTCAGAACCTGA-1-stimulated,stimulated,CD4T
ACGTCAGAGCTTCC-1-stimulated,stimulated,CD4T
ACGTCAGATATGGC-1-stimulated,stimulated,CD4T
ACGTCCTGACTTTC-1-stimulated,stimulated,CD4T
ACGTCCTGGCGAAG-1-stimulated,stimulated,CD4T
ACGTCCTGGGTGGA-1-stimulated,stimulated,CD4T
ACGTCGCTGGCGAA-1-stimulated,stimulated,CD4T
ACGTCGCTTTGACG-1-stimulated,stimulated,CD4T
ACGTGCCTCGCCTT-1-stimulated,stimulated,CD4T
ACGTGCCTCTAGTG-1-stimulated,stimulated,CD4T
ACGTGCCTGTACGT-1-stimulated,stimulated,CD4T
ACGTTACTGCGTTA-1-stimulated,stimulated,CD4T
ACGTTACTTCTAGG-1-stimulated,stimulated,CD4T
ACGTTACTTGTCAG-1-stimulated,stimulated,CD4T
ACGTTGGAAAGGTA-1-stimulated,stimulated,CD4T
ACGTTGGATGAACC-1-stimulated,stimulated,CD4T
ACGTTTACGAGCAG-1-stimulated,stimulated,CD4T
ACTAAAACCACTCC-1-stimulated,stimulated,CD4T
ACTACGGACTTCGC-1-stimulated,stimulated,CD4T
ACTACGGATTTACC-1-stimulated,stimulated,CD4T
ACTACTACCTAAGC-1-stimulated,stimulated,CD4T
ACTAGGTGCCGCTT-1-stimulated,stimulated,CD4T
ACTAGGTGCTCAGA-1-stimulated,stimulated,CD4T
ACTAGGTGGGCATT-1-stimulated,stimulated,CD4T
ACTAGGTGTGCTTT-1-stimulated,stimulated,CD4T
ACTATCACGCCAAT-1-stimulated,stimulated,CD4T
ACTCAGGAAGATGA-1-stimulated,stimulated,CD4T
ACTCCCGACTTCGC-1-stimulated,stimulated,CD4T
ACTCCCGATACGAC-1-stimulated,stimulated,CD4T
ACTCCTCTAGGGTG-1-stimulated,stimulated,CD4T
ACTCCTCTCAATCG-1-stimulated,stimulated,CD4T
ACTCCTCTCCCTTG-1-stimulated,stimulated,CD4T
ACTCCTCTGTGAGG-1-stimulated,stimulated,CD4T
ACTCCTCTTGTAGC-1-stimulated,stimulated,CD4T
ACTCGAGACTTGTT-1-stimulated,stimulated,CD4T
ACTCGAGAGCCAAT-1-stimulated,stimulated,CD4T
ACTCGAGAGTTTGG-1-stimulated,stimulated,CD4T
ACTCGCACAGCCAT-1-stimulated,stimulated,CD4T
ACTCGCACATGCCA-1-stimulated,stimulated,CD4T
ACTCGCACGGTATC-1-stimulated,stimulated,CD4T
ACTCGCACTGTTCT-1-stimulated,stimulated,CD4T
ACTCTATGAGATCC-1-stimulated,stimulated,CD4T
ACTCTATGCCAAGT-1-stimulated,stimulated,CD4T
ACTCTCCTTGCTTT-1-stimulated,stimulated,CD4T
ACTGAGACGCGATT-1-stimulated,stimulated,CD4T
ACTGCCACCTAGCA-1-stimulated,stimulated,CD4T
ACTGCCACTCAGAC-1-stimulated,stimulated,CD4T
ACTGCCTGCTGACA-1-stimulated,stimulated,CD4T
ACTGCCTGGTGCTA-1-stimulated,stimulated,CD4T
ACTGCCTGTGGAGG-1-stimulated,stimulated,CD4T
ACTGGCCTGTCTTT-1-stimulated,stimulated,CD4T
ACTGTGGATGCTAG-1-stimulated,stimulated,CD4T
ACTGTTACATGTCG-1-stimulated,stimulated,CD4T
ACTGTTACCGTGTA-1-stimulated,stimulated,CD4T
ACTGTTACGTATGC-1-stimulated,stimulated,CD4T
ACTGTTACGTGAGG-1-stimulated,stimulated,CD4T
ACTTCAACACGGAG-1-stimulated,stimulated,CD4T
ACTTCAACAGAATG-1-stimulated,stimulated,CD4T
ACTTCAACCCACAA-1-stimulated,stimulated,CD4T
ACTTCAACCTACTT-1-stimulated,stimulated,CD4T
ACTTCAACTTAGGC-1-stimulated,stimulated,CD4T
ACTTCTGAGGTTTG-1-stimulated,stimulated,CD4T
ACTTGACTGAGCTT-1-stimulated,stimulated,CD4T
ACTTGACTGTTTCT-1-stimulated,stimulated,CD4T
ACTTGACTTGTGCA-1-stimulated,stimulated,CD4T
ACTTGGGACCGAAT-1-stimulated,stimulated,CD4T
ACTTGGGACCTCAC-1-stimulated,stimulated,CD4T
ACTTGTACTACTTC-1-stimulated,stimulated,CD4T
ACTTTGTGAAAAGC-1-stimulated,stimulated,CD4T
ACTTTGTGATTTCC-1-stimulated,stimulated,CD4T
ACTTTGTGCGTGAT-1-stimulated,stimulated,CD4T
ACTTTGTGTGCTAG-1-stimulated,stimulated,CD4T
AGAAACGAACCTAG-1-stimulated,stimulated,CD4T
AGAAAGTGAGTCAC-1-stimulated,stimulated,CD4T
AGAACAGAACGCAT-1-stimulated,stimulated,CD4T
AGAACGCTTCGCAA-1-stimulated,stimulated,CD4T
AGAATACTGGTAGG-1-stimulated,stimulated,CD4T
AGAATTTGGAAAGT-1-stimulated,stimulated,CD4T
AGAATTTGGGATCT-1-stimulated,stimulated,CD4T
AGAATTTGGGTGAG-1-stimulated,stimulated,CD4T
AGAATTTGTTGCAG-1-stimulated,stimulated,CD4T
AGACACACACCTAG-1-stimulated,stimulated,CD4T
AGACACACAGTCAC-1-stimulated,stimulated,CD4T
AGACACACCTGATG-1-stimulated,stimulated,CD4T
AGACACACCTGGAT-1-stimulated,stimulated,CD4T
AGACACACTATGCG-1-stimulated,stimulated,CD4T
AGACACTGAAGCAA-1-stimulated,stimulated,CD4T
AGACACTGAGTCGT-1-stimulated,stimulated,CD4T
AGACACTGCCGAAT-1-stimulated,stimulated,CD4T
AGACACTGTTAGGC-1-stimulated,stimulated,CD4T
AGACCTGAAAGCCT-1-stimulated,stimulated,CD4T
AGACCTGACTTAGG-1-stimulated,stimulated,CD4T
AGACCTGATCGTAG-1-stimulated,stimulated,CD4T
AGACGTACAGGCGA-1-stimulated,stimulated,CD4T
AGACGTACGAGATA-1-stimulated,stimulated,CD4T
AGACGTACTAGAGA-1-stimulated,stimulated,CD4T
AGACTCGACATTCT-1-stimulated,stimulated,CD4T
AGACTCGACCTGAA-1-stimulated,stimulated,CD4T
AGACTCGAGGTACT-1-stimulated,stimulated,CD4T
AGACTGACTCTCGC-1-stimulated,stimulated,CD4T
AGACTGACTTCTTG-1-stimulated,stimulated,CD4T
AGACTTCTCCAACA-1-stimulated,stimulated,CD4T
AGAGAAACCATCAG-1-stimulated,stimulated,CD4T
AGAGAAACCTGTAG-1-stimulated,stimulated,CD4T
AGAGAAACGGAAGC-1-stimulated,stimulated,CD4T
AGAGAAACTCTTCA-1-stimulated,stimulated,CD4T
AGAGAATGGAGGTG-1-stimulated,stimulated,CD4T
AGAGATGAACCAGT-1-stimulated,stimulated,CD4T
AGAGATGAACCTGA-1-stimulated,stimulated,CD4T
AGAGCGGACCTCGT-1-stimulated,stimulated,CD4T
AGAGCGGAGATAGA-1-stimulated,stimulated,CD4T
AGAGCGGATGATGC-1-stimulated,stimulated,CD4T
AGAGGTCTACACGT-1-stimulated,stimulated,CD4T
AGAGGTCTATGTCG-1-stimulated,stimulated,CD4T
AGAGTCACAAGCAA-1-stimulated,stimulated,CD4T
AGAGTCACCGATAC-1-stimulated,stimulated,CD4T
AGAGTCACTGCTCC-1-stimulated,stimulated,CD4T
AGAGTGCTGGCAAG-1-stimulated,stimulated,CD4T
AGAGTGCTGGTAAA-1-stimulated,stimulated,CD4T
AGATATACCGAATC-1-stimulated,stimulated,CD4T
AGATATACGTTGGT-1-stimulated,stimulated,CD4T
AGATATTGGGTATC-1-stimulated,stimulated,CD4T
AGATCGTGCCAAGT-1-stimulated,stimulated,CD4T
AAACATACAATGCC-1-control,control,CD4T
AAACATACGATGAA-1-control,control,CD4T
AAACATACTGCGTA-1-control,control,CD4T
AAACATACTGCTGA-1-control,control,CD4T
AAACATTGGCGATT-1-control,control,CD4T
AAACCGTGAGCCAT-1-control,control,CD4T
AAACCGTGGAGGCA-1-control,control,CD4T
AAACGCACCAACCA-1-control,control,CD4T
AAACGCACGGGAGT-1-control,control,CD4T
AAACGCTGCAGTTG-1-control,control,CD4T
AAACGCTGCCTAAG-1-control,control,CD4T
AAACGCTGCGTTGA-1-control,control,CD4T
AAACGCTGGATAAG-1-control,control,CD4T
AAACGCTGTTCCAT-1-control,control,CD4T
AAACGGCTAGTACC-1-control,control,CD4T
AAACTTGAGCCCTT-1-control,control,CD4T
AAACTTGAGGAAAT-1-control,control,CD4T
AAAGACGAACACGT-1-control,control,CD4T
AAAGACGAAGTCTG-1-control,control,CD4T
AAAGACGACGGAGA-1-control,control,CD4T
AAAGAGACTCAGAC-1-control,control,CD4T
AAAGATCTCCTAAG-1-control,control,CD4T
AAAGATCTGACACT-1-control,control,CD4T
AAAGCCTGACGTGT-1-control,control,CD4T
AAAGCCTGTGGTAC-1-control,control,CD4T
AAAGTTTGCTGAGT-1-control,control,CD4T
AAAGTTTGTAGCGT-1-control,control,CD4T
AAATACTGGGTCTA-1-control,control,CD4T
AAATACTGGTTGAC-1-control,control,CD4T
AAATCATGACACCA-1-control,control,CD4T
AAATCATGACACGT-1-control,control,CD4T
AAATCCCTACACAC-1-control,control,CD4T
AAATCCCTGTTGAC-1-control,control,CD4T
AAATGGGAGTCCTC-1-control,control,CD4T
AAATGGGATACTTC-1-control,control,CD4T
AAATGTTGCCAAGT-1-control,control,CD4T
AAATGTTGGACGTT-1-control,control,CD4T
AAATTGACCACTTT-1-control,control,CD4T
AAATTGACTTCGTT-1-control,control,CD4T
AAATTGACTTTCTG-1-control,control,CD4T
AACAATACCCCAAA-1-control,control,CD4T
AACAATACGGATTC-1-control,control,CD4T
AACAATACTTACCT-1-control,control,CD4T
AACACGTGAAACGA-1-control,control,CD4T
AACACGTGTGCCAA-1-control,control,CD4T
AACACTCTAAGGGC-1-control,control,CD4T
AACACTCTCAGAGG-1-control,control,CD4T
AACAGAGAAGTACC-1-control,control,CD4T
AACAGAGACAGATC-1-control,control,CD4T
AACAGAGAGGCGAA-1-control,control,CD4T
AACAGCACATCGAC-1-control,control,CD4T
AACCACGAAGTAGA-1-control,control,CD4T
AACCAGTGGACGAG-1-control,control,CD4T
AACCCAGACCGTAA-1-control,control,CD4T
AACCCAGAGTAGGG-1-control,control,CD4T
AACCCAGATCCTCG-1-control,control,CD4T
AACCGATGCTGATG-1-control,control,CD4T
AACCGATGTCCAGA-1-control,control,CD4T
AACCGCCTAAGCCT-1-control,control,CD4T
AACCGCCTGCATAC-1-control,control,CD4T
AACCGCCTGTGTAC-1-control,control,CD4T
AACCTACTTCTCCG-1-control,control,CD4T
AACCTTACGCTACA-1-control,control,CD4T
AACCTTACGGTATC-1-control,control,CD4T
AACCTTACTCCCAC-1-control,control,CD4T
AACCTTACTTTGTC-1-control,control,CD4T
AACCTTTGAAGGTA-1-control,control,CD4T
AACCTTTGAGTCAC-1-control,control,CD4T
AACGCAACCAGTTG-1-control,control,CD4T
AACGCAACTTGCAG-1-control,control,CD4T
AACGCATGCTTCTA-1-control,control,CD4T
AACGCCCTAATCGC-1-control,control,CD4T
AACGCCCTATTGGC-1-control,control,CD4T
AACGCCCTTCTTTG-1-control,control,CD4T
AACGTGTGAAGGTA-1-control,control,CD4T
AACGTTCTAAACAG-1-control,control,CD4T
AACGTTCTTCCGTC-1-control,control,CD4T
AACTACCTACCATG-1-control,control,CD4T
AACTACCTTCGCCT-1-control,control,CD4T
AACTACCTTTGGCA-1-control,control,CD4T
AACTCGGAGTTTCT-1-control,control,CD4T
AACTCTTGCACACA-1-control,control,CD4T
AACTGTCTGCGTAT-1-control,control,CD4T
AACTTGCTCACTCC-1-control,control,CD4T
AACTTGCTCGAGAG-1-control,control,CD4T
AACTTGCTTGAGCT-1-control,control,CD4T
AAGAACGACCTCAC-1-control,control,CD4T
AAGAACGATCGCAA-1-control,control,CD4T
AAGAAGACCTGTCC-1-control,control,CD4T
AAGAAGACGAGGGT-1-control,control,CD4T
AAGAAGACTGCTGA-1-control,control,CD4T
AAGATGGACCGATA-1-control,control,CD4T
AAGATTACAGAGAT-1-control,control,CD4T
AAGCAAGAAGGGTG-1-control,control,CD4T
AAGCAAGATATGCG-1-control,control,CD4T
AAGCAAGATTGCGA-1-control,control,CD4T
AAGCCAACAGAATG-1-control,control,CD4T
AAGCCATGTGAGCT-1-control,control,CD4T
AAGCCTGATCAGTG-1-control,control,CD4T
AAGCGACTATGTCG-1-control,control,CD4T
AAGCGACTTCTTAC-1-control,control,CD4T
AAGCGACTTGCGTA-1-control,control,CD4T
AAGCGTACGGTGTT-1-control,control,CD4T
AAGCGTACTTTGCT-1-control,control,CD4T
AAGGCTACCTTGTT-1-control,control,CD4T
AAGGCTTGACCACA-1-control,control,CD4T
AAGGCTTGCGTACA-1-control,control,CD4T
AAGGCTTGTCCAGA-1-control,control,CD4T
AAGGTCACAGAGGC-1-control,control,CD4T
AAGGTCACCGGGAA-1-control,control,CD4T
AAGGTCACTCGATG-1-control,control,CD4T
AAGGTCTGACGGTT-1-control,control,CD4T
AAGGTCTGTGTGGT-1-control,control,CD4T
AAGGTGCTTCAGAC-1-control,control,CD4T
AAGTAACTGTCAAC-1-control,control,CD4T
AAGTAACTTTGCGA-1-control,control,CD4T
AAGTAGGATCGATG-1-control,control,CD4T
AAGTATACTGGAAA-1-control,control,CD4T
AAGTCCGAACGGGA-1-control,control,CD4T
AAGTCCGACGTAAC-1-control,control,CD4T
AAGTCCGACTCTCG-1-control,control,CD4T
AAGTCCGACTGGTA-1-control,control,CD4T
AAGTCCGATTCGGA-1-control,control,CD4T
AAGTCTCTACCTAG-1-control,control,CD4T
AAGTCTCTGAAAGT-1-control,control,CD4T
AAGTGCACCTACTT-1-control,control,CD4T
AAGTGCACTGCTCC-1-control,control,CD4T
AAGTGGCTACCCTC-1-control,control,CD4T
AAGTGGCTACGGGA-1-control,control,CD4T
AAGTGGCTGTCAAC-1-control,control,CD4T
AAGTTATGAGTTCG-1-control,control,CD4T
AAGTTATGCGGGAA-1-control,control,CD4T
AAGTTATGTGCTAG-1-control,control,CD4T
AAGTTATGTTACTC-1-control,control,CD4T
AAGTTCCTAGAAGT-1-control,control,CD4T
AAGTTCCTTGCAAC-1-control,control,CD4T
AATAACACCTCTCG-1-control,control,CD4T
AATAAGCTCTATTC-1-control,control,CD4T
AATAAGCTTGAGAA-1-control,control,CD4T
AATAAGCTTGCCCT-1-control,control,CD4T
AATACCCTGGACGA-1-control,control,CD4T
AATACCCTGTCGAT-1-control,control,CD4T
AATACCCTTTAGGC-1-control,control,CD4T
AATACTGATTGTGG-1-control,control,CD4T
AATAGGGACATTTC-1-control,control,CD4T
AATATCGATAGCCA-1-control,control,CD4T
AATCCGGAGCTACA-1-control,control,CD4T
AATCCTACTGTCCC-1-control,control,CD4T
AATCGGTGAGGAGC-1-control,control,CD4T
AATCGGTGGAGATA-1-control,control,CD4T
AATCGGTGGTAAAG-1-control,control,CD4T
AATCGGTGGTCAAC-1-control,control,CD4T
AATCTCACTTCGCC-1-control,control,CD4T
AATCTCTGAGTCTG-1-control,control,CD4T
AATCTCTGTTCGTT-1-control,control,CD4T
AATGATACCTACTT-1-control,control,CD4T
AATGCGTGCACACA-1-control,control,CD4T
AATGCGTGGGGACA-1-control,control,CD4T
AATGCGTGTGAACC-1-control,control,CD4T
AATGGAGATACGAC-1-control,control,CD4T
AATGGCTGCACCAA-1-control,control,CD4T
AATGTAACCTCCCA-1-control,control,CD4T
AATGTCCTAGCATC-1-control,control,CD4T
AATGTCCTCACAAC-1-control,control,CD4T
AATGTCCTGGAACG-1-control,control,CD4T
AATGTCCTTAACCG-1-control,control,CD4T
AATGTTGAACTTTC-1-control,control,CD4T
AATTACGAAAACGA-1-control,control,CD4T
AATTACGACTATTC-1-control,control,CD4T
AATTCCTGCTATTC-1-control,control,CD4T
AATTGATGGAACCT-1-control,control,CD4T
AATTGTGAAGATGA-1-control,control,CD4T
AATTGTGACGCTAA-1-control,control,CD4T
ACAAAGGATTATCC-1-control,control,CD4T
ACAAATTGTAGAAG-1-control,control,CD4T
ACAACCGACTGGTA-1-control,control,CD4T
ACAAGAGAAAAACG-1-control,control,CD4T
ACAAGAGACAATCG-1-control,control,CD4T
ACAAGCACTACGAC-1-control,control,CD4T
ACAAGCACTAGAGA-1-control,control,CD4T
ACAAGCACTTCACT-1-control,control,CD4T
ACAATAACACACGT-1-control,control,CD4T
ACAATAACCGTACA-1-control,control,CD4T
ACAATCCTATCTCT-1-control,control,CD4T
ACAATCCTTCGACA-1-control,control,CD4T
ACAATTGACTAGAC-1-control,control,CD4T
ACACAGACTTTCAC-1-control,control,CD4T
ACACATCTCTGTGA-1-control,control,CD4T
ACACATCTGTATCG-1-control,control,CD4T
ACACCAGACTAGTG-1-control,control,CD4T
ACACCCTGGAGATA-1-control,control,CD4T
ACACCCTGTCCTAT-1-control,control,CD4T
ACACGAACACTAGC-1-control,control,CD4T
ACACGAACGTACCA-1-control,control,CD4T
ACACGATGAGCGTT-1-control,control,CD4T
ACACGATGTTCTAC-1-control,control,CD4T
ACACGTGAAGATGA-1-control,control,CD4T
ACAGACACAAGTAG-1-control,control,CD4T
ACAGACACACCTAG-1-control,control,CD4T
ACAGACACCTAAGC-1-control,control,CD4T
ACAGGTACGATGAA-1-control,control,CD4T
ACAGGTACGTAGCT-1-control,control,CD4T
ACAGGTACGTTGCA-1-control,control,CD4T
ACAGGTACTTTGCT-1-control,control,CD4T
ACAGTGACCCCTAC-1-control,control,CD4T
ACAGTGACGTGCTA-1-control,control,CD4T
ACAGTGTGGCGAAG-1-control,control,CD4T
ACATACCTGTAAGA-1-control,control,CD4T
ACATCACTCAACCA-1-control,control,CD4T
ACATCACTTCTTTG-1-control,control,CD4T
ACATGGTGTTCGGA-1-control,control,CD4T
ACATTCTGATGGTC-1-control,control,CD4T
ACATTCTGTCGCCT-1-control,control,CD4T
ACATTCTGTTTGGG-1-control,control,CD4T
ACCAACGAGTGAGG-1-control,control,CD4T
ACCACAGAGTGTTG-1-control,control,CD4T
ACCACAGATGACAC-1-control,control,CD4T
ACCACCTGGTACGT-1-control,control,CD4T
ACCACCTGGTGTTG-1-control,control,CD4T
ACCACGCTACCTTT-1-control,control,CD4T
ACCAGCCTGGGTGA-1-control,control,CD4T
ACCAGCCTTTTCAC-1-control,control,CD4T
ACCAGTGAACTGGT-1-control,control,CD4T
ACCAGTGACTCAGA-1-control,control,CD4T
ACCATTACCGAATC-1-control,control,CD4T
ACCATTACTCGCCT-1-control,control,CD4T
ACCATTACTTGCTT-1-control,control,CD4T
ACCCAAGACCTTAT-1-control,control,CD4T
ACCCACTGCTGTAG-1-control,control,CD4T
ACCCGTACGCAAGG-1-control,control,CD4T
ACCCGTACGGAACG-1-control,control,CD4T
ACCCGTTGACCAAC-1-control,control,CD4T
ACCCGTTGGCTATG-1-control,control,CD4T
ACCCTCGAACTCTT-1-control,control,CD4T
ACCTATTGTGAACC-1-control,control,CD4T
ACCTCCGAGAAAGT-1-control,control,CD4T
ACCTGAGAGTTGGT-1-control,control,CD4T
ACCTGAGATCGCAA-1-control,control,CD4T
ACCTTTGAAGCACT-1-control,control,CD4T
ACGAAGCTAGAGGC-1-control,control,CD4T
ACGAAGCTGACGAG-1-control,control,CD4T
ACGAAGCTTCGTGA-1-control,control,CD4T
ACGACAACACACGT-1-control,control,CD4T
ACGACAACCGACTA-1-control,control,CD4T
ACGACAACGGAAGC-1-control,control,CD4T
ACGAGGGACCTTAT-1-control,control,CD4T
ACGAGTACCTCCCA-1-control,control,CD4T
ACGATCGATTGCGA-1-control,control,CD4T
ACGATGACCACACA-1-control,control,CD4T
ACGATGACGAACTC-1-control,control,CD4T
ACGATTCTTTATCC-1-control,control,CD4T
ACGCCACTACAGTC-1-control,control,CD4T
ACGCCACTGACAGG-1-control,control,CD4T
ACGCCTTGACCTGA-1-control,control,CD4T
ACGCCTTGCGCTAA-1-control,control,CD4T
ACGCCTTGTGTCGA-1-control,control,CD4T
ACGCCTTGTTCTGT-1-control,control,CD4T
ACGCGGTGTGGCAT-1-control,control,CD4T
ACGCTCACGTATGC-1-control,control,CD4T
ACGGAACTCGCAAT-1-control,control,CD4T
ACGGATTGGGGCAA-1-control,control,CD4T
ACGGCGTGGTCCTC-1-control,control,CD4T
ACGGCGTGTACTTC-1-control,control,CD4T
ACGGGAGAAAGGCG-1-control,control,CD4T
ACGGGAGAAGCCAT-1-control,control,CD4T
ACGGGAGATGTAGC-1-control,control,CD4T
ACGGTATGCTCAGA-1-control,control,CD4T
ACGTCAGACTACTT-1-control,control,CD4T
ACGTCAGAGCTACA-1-control,control,CD4T
ACGTCCTGGGGTGA-1-control,control,CD4T
ACGTCCTGTCGCCT-1-control,control,CD4T
ACGTCGCTAGATGA-1-control,control,CD4T
ACGTCGCTATGCTG-1-control,control,CD4T
ACGTCGCTCAGGAG-1-control,control,CD4T
ACGTGATGCCTGAA-1-control,control,CD4T
ACGTGATGTATGCG-1-control,control,CD4T
ACGTGCCTCATTGG-1-control,control,CD4T
ACGTGCCTCCATAG-1-control,control,CD4T
ACGTTACTCACTGA-1-control,control,CD4T
ACGTTACTGGAGTG-1-control,control,CD4T
ACGTTGGACTCAGA-1-control,control,CD4T
ACGTTTACAGCTCA-1-control,control,CD4T
ACTAAAACCGTAGT-1-control,control,CD4T
ACTACGGACCCTAC-1-control,control,CD4T
ACTACGGACCTAAG-1-control,control,CD4T
ACTACGGACTTGGA-1-control,control,CD4T
ACTACGGATTCAGG-1-control,control,CD4T
ACTACTACAGATCC-1-control,control,CD4T
ACTAGGTGAGTACC-1-control,control,CD4T
ACTAGGTGCCTAAG-1-control,control,CD4T
ACTCAGGAAGTCTG-1-control,control,CD4T
ACTCAGGACATGCA-1-control,control,CD4T
ACTCAGGACCAACA-1-control,control,CD4T
ACTCAGGACTGTAG-1-control,control,CD4T
ACTCAGGACTGTGA-1-control,control,CD4T
ACTCCTCTTAGAAG-1-control,control,CD4T
ACTCGAGAGAGAGC-1-control,control,CD4T
ACTCGAGATGCTGA-1-control,control,CD4T
ACTCGCACATCAGC-1-control,control,CD4T
ACTCGCACATGTCG-1-control,control,CD4T
ACTCGCACGACGTT-1-control,control,CD4T
ACTCGCACTCTTTG-1-control,control,CD4T
ACTCGCACTGGTTG-1-control,control,CD4T
ACTCTATGACTCTT-1-control,control,CD4T
ACTGAGACGGACTT-1-control,control,CD4T
ACTGAGACTTCTTG-1-control,control,CD4T
ACTGCCTGAGCTCA-1-control,control,CD4T
ACTGCCTGGAATAG-1-control,control,CD4T
ACTGTGGAAGAAGT-1-control,control,CD4T
ACTGTGGAGAATCC-1-control,control,CD4T
ACTGTTACCAACCA-1-control,control,CD4T
ACTTAAGACTCTCG-1-control,control,CD4T
ACTTAGCTCGATAC-1-control,control,CD4T
ACTTAGCTCGGGAA-1-control,control,CD4T
ACTTCAACCGACTA-1-control,control,CD4T
ACTTCAACTTTCGT-1-control,control,CD4T
ACTTCTGATGGTCA-1-control,control,CD4T
ACTTGACTCAAGCT-1-control,control,CD4T
ACTTGTACACGTAC-1-control,control,CD4T
ACTTGTACAGTCGT-1-control,control,CD4T
ACTTGTACCCATGA-1-control,control,CD4T
ACTTTGTGGTCCTC-1-control,control,CD4T
ACTTTGTGTCCCAC-1-control,control,CD4T
AGAAACGAACTCTT-1-control,control,CD4T
AGAAAGTGCTGCAA-1-control,control,CD4T
AGAAAGTGTGCATG-1-control,control,CD4T
AGAACAGACCTCCA-1-control,control,CD4T
AGAACGCTAGGAGC-1-control,control,CD4T
AGAACGCTGAATAG-1-control,control,CD4T
AGAACGCTGAGATA-1-control,control,CD4T
AGAAGATGCCTCAC-1-control,control,CD4T
AGAATACTCAACTG-1-control,control,CD4T
AGAATACTCATCAG-1-control,control,CD4T
AGAATGGAACTCAG-1-control,control,CD4T
AGAATGGAAGTCAC-1-control,control,CD4T
AGAATGGACAACCA-1-control,control,CD4T
AGAATTTGATTGGC-1-control,control,CD4T
AGAATTTGCTCAGA-1-control,control,CD4T
AGAATTTGGAGAGC-1-control,control,CD4T
AGAATTTGTCACCC-1-control,control,CD4T
AGACACACAGCCTA-1-control,control,CD4T
AGACACACTGATGC-1-control,control,CD4T
AGACACACTGTCGA-1-control,control,CD4T
AGACACTGCACACA-1-control,control,CD4T
AGACACTGTATTCC-1-control,control,CD4T
AGACCTGACATGAC-1-control,control,CD4T
AGACGTACCAATCG-1-control,control,CD4T
AGACTCGAGCAGTT-1-control,control,CD4T
AGACTGACGGTACT-1-control,control,CD4T
AGACTGACGTGCTA-1-control,control,CD4T
AGACTTCTATCAGC-1-control,control,CD4T
AGACTTCTGTGAGG-1-control,control,CD4T
AGAGAAACCCTAAG-1-control,control,CD4T
AGAGAATGAACTGC-1-control,control,CD4T
AGAGAATGGAATGA-1-control,control,CD4T
AGAGAATGGTACGT-1-control,control,CD4T
AGAGAATGTGGAAA-1-control,control,CD4T
AGAGAATGTTCTCA-1-control,control,CD4T
AGAGATGACTTGAG-1-control,control,CD4T
AGAGCGGAAGTGCT-1-control,control,CD4T
AGAGCGGAGTAGCT-1-control,control,CD4T
AGAGCTACGCTCCT-1-control,control,CD4T
AGAGGTCTAGATCC-1-control,control,CD4T
AGAGTCTGCCTCCA-1-control,control,CD4T
AGAGTCTGGTGTAC-1-control,control,CD4T
AGAGTGCTGACAGG-1-control,control,CD4T
AGAGTGCTGCTTCC-1-control,control,CD4T
AGATATACACGACT-1-control,control,CD4T
AGATATACTCACCC-1-control,control,CD4T
AGATATACTCTGGA-1-control,control,CD4T
AGATATACTTAGGC-1-control,control,CD4T
AGATATTGACGTGT-1-control,control,CD4T
AGATATTGAGAGAT-1-control,control,CD4T
AGATATTGTAAAGG-1-control,control,CD4T
AGATCTCTATTCTC-1-control,control,CD4T
AGATCTCTCCTACC-1-control,control,CD4T
AGATCTCTTTCCGC-1-control,control,CD4T
AGATTAACGCTTAG-1-control,control,CD4T
AGATTCCTCTGCAA-1-control,control,CD4T
AGATTCCTGACTAC-1-control,control,CD4T
AGCAAAGATGGATC-1-control,control,CD4T
AGCAACACCTGATG-1-control,control,CD4T
AGCAACACGACAAA-1-control,control,CD4T
AGCAACACTGCTAG-1-control,control,CD4T
AGCAAGCTCAAGCT-1-control,control,CD4T
AGCACAACACCTCC-1-control,control,CD4T
AGCACAACTCGCCT-1-control,control,CD4T
AGCACTGAGACGTT-1-control,control,CD4T
AGCATGACATCTTC-1-control,control,CD4T
AGCATTCTGTCTTT-1-control,control,CD4T
AGCCACCTCGGGAA-1-control,control,CD4T
AGCCACCTTAGTCG-1-control,control,CD4T
AGCCACCTTTGGCA-1-control,control,CD4T
AGCCGGACAGCACT-1-control,control,CD4T
AGCCGGACGTAAGA-1-control,control,CD4T
AGCCGGACGTCCTC-1-control,control,CD4T
AGCCGGTGCGTAGT-1-control,control,CD4T
AGCCGGTGCTGAGT-1-control,control,CD4T
AGCCGGTGGAAAGT-1-control,control,CD4T
AGCCGGTGGATAGA-1-control,control,CD4T
AGCCGTCTGTCGAT-1-control,control,CD4T
AGCCTCACACGGGA-1-control,control,CD4T
AGCCTCACACGTGT-1-control,control,CD4T
AGCCTCACTAACGC-1-control,control,CD4T
AGCCTCTGAAAAGC-1-control,control,CD4T
AGCCTCTGGAGGGT-1-control,control,CD4T
AGCGAACTGGACAG-1-control,control,CD4T
AGCGAACTGTTGCA-1-control,control,CD4T
AGCGATTGTGTGCA-1-control,control,CD4T
AGCGCCGAACTCTT-1-control,control,CD4T
AGCGCCGAGATACC-1-control,control,CD4T
AGCGCTCTGTATGC-1-control,control,CD4T
AGCGGCACTGCGTA-1-control,control,CD4T
AGCGGCTGTATCTC-1-control,control,CD4T
AGCGTAACCGATAC-1-control,control,CD4T
AGCGTAACTGCAGT-1-control,control,CD4T
AGCGTAACTGTTTC-1-control,control,CD4T
AGCTCGCTATCGTG-1-control,control,CD4T
AGCTCGCTCTCTCG-1-control,control,CD4T
AGCTGCCTCTGTGA-1-control,control,CD4T
AGCTGCCTGTTCAG-1-control,control,CD4T
AGCTGTGAGTATCG-1-control,control,CD4T
AGCTGTGATGTCTT-1-control,control,CD4T
AGCTTACTTCTAGG-1-control,control,CD4T
AGGAAATGAGACTC-1-control,control,CD4T
AGGAAATGAGTGCT-1-control,control,CD4T
AGGAACCTACTGGT-1-control,control,CD4T
AGGAATGACTGTCC-1-control,control,CD4T
AGGACACTGGACAG-1-control,control,CD4T
AGGACACTTAAAGG-1-control,control,CD4T
AGGACTTGCGTTAG-1-control,control,CD4T
AGGACTTGCTCTTA-1-control,control,CD4T
AGGACTTGGCTGTA-1-control,control,CD4T
AGGAGTCTTCCTCG-1-control,control,CD4T
AGGATAGAATCGAC-1-control,control,CD4T
AGGATAGACACAAC-1-control,control,CD4T
AGGATAGACGGAGA-1-control,control,CD4T
AGGATAGAGACTAC-1-control,control,CD4T
AGGATAGAGGTAAA-1-control,control,CD4T
AGGATGCTGTACAC-1-control,control,CD4T
AGGCAGGAGTACGT-1-control,control,CD4T
AGGCAGGATATCTC-1-control,control,CD4T
AGGCCTCTCGTTGA-1-control,control,CD4T
AGGCCTCTCTGGTA-1-control,control,CD4T
AGGCCTCTGGGTGA-1-control,control,CD4T
AGGCTAACTGTGGT-1-control,control,CD4T
AGGGACGAAACGGG-1-control,control,CD4T
AGGGACGACATACG-1-control,control,CD4T
AGGGACGACCAAGT-1-control,control,CD4T
AGGGACGATTCTGT-1-control,control,CD4T
AGGGCCACATCGAC-1-control,control,CD4T
AGGGCCACTATCTC-1-control,control,CD4T
AGGGCGCTCTCGCT-1-control,control,CD4T
AGGGTGGACACCAA-1-control,control,CD4T
AGGGTGGACAGCTA-1-control,control,CD4T
AGGGTGGAGGTGGA-1-control,control,CD4T
AGGGTTTGTCCGAA-1-control,control,CD4T
AGGTACACGAAAGT-1-control,control,CD4T
AGGTCTGACATGAC-1-control,control,CD4T
AGGTCTGACGCTAA-1-control,control,CD4T
AGGTCTGATCGCTC-1-control,control,CD4T
AGGTCTGATGGAGG-1-control,control,CD4T
AGGTCTGATTATCC-1-control,control,CD4T
AGGTGGGAATGCTG-1-control,control,CD4T
AGGTGGGACCAATG-1-control,control,CD4T
AGGTGTTGCCATGA-1-control,control,CD4T
AGGTGTTGGAGAGC-1-control,control,CD4T
AGGTGTTGGTCACA-1-control,control,CD4T
AGGTTCGATTATCC-1-control,control,CD4T
AGGTTCGATTCCAT-1-control,control,CD4T
AGGTTGTGGTCGAT-1-control,control,CD4T
AGTAAGGATCTGGA-1-control,control,CD4T
AGTAAGGATTGACG-1-control,control,CD4T
AGTAATACACTAGC-1-control,control,CD4T
AGTAATACTTGCGA-1-control,control,CD4T
AGTAATTGCTTGGA-1-control,control,CD4T
AGTAATTGGGTCAT-1-control,control,CD4T
AGTAATTGTTCTTG-1-control,control,CD4T
AGTACTCTACACTG-1-control,control,CD4T
AGTACTCTCGGGAA-1-control,control,CD4T
AGTAGAGAAAACGA-1-control,control,CD4T
AGTAGAGACAGGAG-1-control,control,CD4T
AGTAGGCTAGACTC-1-control,control,CD4T
AGTATAACCTCTTA-1-control,control,CD4T
AGTATAACTAGAAG-1-control,control,CD4T
AGTATCCTACCATG-1-control,control,CD4T
AGTCACGAACCTTT-1-control,control,CD4T
AGTCACGAACGGAG-1-control,control,CD4T
AGTCACGACATTTC-1-control,control,CD4T
AGTCAGACATTGGC-1-control,control,CD4T
AGTCAGACTGCATG-1-control,control,CD4T
AGTCGAACGGTTAC-1-control,control,CD4T
AGTCGCCTTCGACA-1-control,control,CD4T
AGTCGCCTTGGCAT-1-control,control,CD4T
AGTCTACTATGCTG-1-control,control,CD4T
AGTCTACTCGTGAT-1-control,control,CD4T
AGTCTTACCTCAGA-1-control,control,CD4T
AGTCTTACTTCGCC-1-control,control,CD4T
AGTGAAGAACTGTG-1-control,control,CD4T
AGTGACACCCTTAT-1-control,control,CD4T
